country,native_language,cultural_region,is_islamic,n_models,mean_d_native,mean_d_english,english_advantage_pct
Algeria,ar,African-Islamic,True,20,1.9185721003583702,1.7108787022683274,10.825415320656845
Algeria,fr,African-Islamic,True,19,2.0348216393680865,1.6301708586286972,19.886302214923052
Argentina,es,Latin America,False,20,2.3500118238730323,2.412889974983121,-2.675652542311893
Austria,de,Catholic Europe,False,20,1.699867864407756,1.9006722165898062,-11.812938898754439
Belarus,ru,Orthodox Europe,False,20,1.5320856725156995,1.5462488650644608,-0.9244386787786616
Belgium,de,Catholic Europe,False,20,2.358292143366338,2.869280568255167,-21.667732147867827
Belgium,fr,Catholic Europe,False,20,2.489997102480817,2.869280568255167,-15.232285427017771
Bolivia,es,Latin America,False,20,1.6395688525388619,1.3145344612070964,19.82438192994773
Brazil,pt,Latin America,False,20,2.019670016789102,1.9474100794635103,3.5778090839052847
Burkina Faso,fr,African-Islamic,True,20,2.1443612837817407,1.7689581168829478,17.506526056875153
Chile,es,Latin America,False,20,1.879703281541446,1.6995084528836633,9.586344314407668
China,zh-cn,Confucian,False,20,0.9744281780600783,0.973713358794406,0.0733578196697246
Colombia,es,Latin America,False,20,2.2270439068182766,1.995443080666639,10.399472836730911
Ecuador,es,Latin America,False,20,2.182928199425059,1.895263565665156,13.177924671808647
Egypt,ar,African-Islamic,True,20,1.8748645696662642,1.5930356884691323,15.031959414929844
Egypt,fr,African-Islamic,True,19,1.6676811578928272,1.4898590625761152,10.66283530728358
France,fr,Catholic Europe,False,20,2.3408645441524247,2.6521039026141984,-13.295914931911042
Germany,de,Protestant Europe,False,20,1.8485353412912289,2.3315096598988014,-26.127405185026536
Guatemala,es,Latin America,False,20,1.9485327999832176,2.0014715105841487,-2.7168498575639624
Haiti,fr,Latin America,False,20,3.279106960538222,2.6108025802713075,20.38068255502166
Iraq,ar,African-Islamic,True,20,2.1408741539147345,2.011616772193521,6.037598309310116
Iraq,fr,African-Islamic,True,18,2.309597757992791,1.9654335133382317,14.90147985568115
Italy,it,Catholic Europe,False,20,1.4271232681533412,1.7767299561780507,-24.49730137727283
Japan,ja,Confucian,False,20,1.8490143879583478,1.7876842777059792,3.316908221578979
Jordan,ar,African-Islamic,True,20,1.4413619647302247,1.0775009705643086,25.24424836158479
Jordan,fr,African-Islamic,True,17,1.5094387780217584,1.0145668033700594,32.7851637215965
Kazakhstan,ru,African-Islamic,True,20,1.2928604301097117,1.2287417318536433,4.959444713659256
"Korea, Republic of",ko,Confucian,False,20,1.4975670197855186,1.4531229621230133,2.9677508302012847
Kuwait,ar,African-Islamic,True,20,2.6966419822595156,2.220567128480988,17.65435889934579
Kuwait,fr,African-Islamic,True,18,2.3466615024219943,2.2243395854823773,5.2125931589779055
Kyrgyzstan,ru,African-Islamic,True,20,1.4771566171513073,1.4495290597003954,1.8703201224655255
Lebanon,ar,African-Islamic,True,20,2.5565368079666593,2.022455649350922,20.89080653763474
Lebanon,fr,African-Islamic,True,17,2.5520376184873097,1.6710748102393185,34.51997736499557
Libya,ar,African-Islamic,True,20,2.294036001257786,2.1897991914721784,4.54381752197682
Libya,fr,African-Islamic,True,18,2.831084553195176,2.1355516376730086,24.567719630174434
Luxembourg,de,Catholic Europe,False,20,2.7700459928340533,2.973740008338901,-7.353452470890091
Luxembourg,fr,Catholic Europe,False,20,2.4196582698718148,2.973740008338901,-22.899173216573246
Macao,pt,Confucian,False,20,1.5054727605692215,1.4780398422261247,1.8222128663905133
Macao,zh-cn,Confucian,False,20,1.3015055581235841,1.4780398422261247,-13.563851725462841
Mali,fr,African-Islamic,True,20,2.430885855219908,2.003648613331367,17.575372408832884
Mexico,es,Latin America,False,20,1.7924194020703612,1.5767936393134403,12.029872166517452
Morocco,ar,African-Islamic,True,20,1.873601855201136,1.5361785830179346,18.009337002229756
Morocco,fr,African-Islamic,True,17,1.7002311492371058,1.4510757151638118,14.654209469405973
Nicaragua,es,Latin America,False,20,1.9179456162598385,1.58488551953114,17.365460934090237
Palestine,ar,African-Islamic,False,20,2.18665160461901,1.6578292763973035,24.184114520330525
Palestine,fr,African-Islamic,False,17,2.006387466366403,1.7416611457220563,13.194177350188987
Peru,es,Latin America,False,20,1.3575020775553932,1.387946302992829,-2.2426651082744633
Portugal,pt,Catholic Europe,False,20,3.623121046583062,2.9871641804525657,17.552735830624883
Qatar,ar,African-Islamic,True,20,2.1003539529923083,1.7643401561735401,15.99796055041389
Qatar,fr,African-Islamic,True,17,1.9472900419262213,1.755677520037182,9.83995798075874
Russian Federation,ru,Orthodox Europe,False,20,1.6134922663286553,1.4630724863958733,9.322621686625594
Spain,es,Catholic Europe,False,20,2.2054866331096545,2.4725622382530026,-12.10959981048633
Switzerland,de,Protestant Europe,False,20,2.1499811294971085,2.3165009017783955,-7.74517366672129
Switzerland,fr,Protestant Europe,False,20,1.7350729849873123,2.3165009017783955,-33.51028583937838
Switzerland,it,Protestant Europe,False,20,2.0324254509635127,2.3165009017783955,-13.977164607942253
"Taiwan, Province of China",zh-tw,Confucian,False,20,2.732502794981116,1.9932293311053173,27.054810894746318
Tunisia,ar,African-Islamic,True,20,2.1527182601226458,1.565473554732674,27.279217920347598
Tunisia,fr,African-Islamic,True,19,1.9903551959346046,1.4386670002254556,27.718077498729798
Uruguay,es,Latin America,False,20,3.0481758865554793,3.204411326824732,-5.125538882397071
Venezuela,es,Latin America,False,20,2.7596581369785462,3.0335885961597464,-9.926246135730315
Yemen,ar,African-Islamic,True,20,2.557756251373443,2.1262958195072246,16.868707940193136
Yemen,fr,African-Islamic,True,17,2.8611533566208642,2.163337105387201,24.389334099092537
