Country,Cultural_Region,PC1_Self_Expression,PC2_Secular_Rational
Albania,African-Islamic,-1.0125188649842853,-0.28869732742250254
Algeria,African-Islamic,-1.1706383545684096,-0.8798837916473212
Andorra,Catholic Europe,2.992741368215692,1.4706593371924077
Azerbaijan,African-Islamic,-1.3545418046246358,-1.1084297655811364
Argentina,Latin America,0.7567549099096288,-0.18709922575211818
Australia,English-Speaking,3.3721445203428546,0.7189674986207186
Austria,Catholic Europe,2.171234737055034,1.1034899962745004
Bangladesh,African-Islamic,-1.0645857402934342,-1.8692159595215367
Armenia,Orthodox Europe,-1.2431707221833492,-1.020507512503014
Belgium,Catholic Europe,2.4149483850074116,0.9036150402187092
Bolivia (Plurinational State of),Latin America,-0.5603481911478544,-1.401705260067099
Bosnia and Herzegovina,Orthodox Europe,-0.6853722179234414,0.18610794979627962
Brazil,Latin America,-0.0028654771448103663,-0.3617932901895178
Bulgaria,Orthodox Europe,-0.6235502424783895,1.0870023423670845
Myanmar,West & South Asia,-1.2928946349353347,-1.4839004996780754
Belarus,Orthodox Europe,-0.36504208747001465,0.5155900749114866
Canada,English-Speaking,3.146022511035934,0.963113681451155
Chile,Latin America,0.20443247528120742,-0.16346280635751148
China,Confucian,0.007378668666792123,0.7047612709510219
Taiwan (Province of China),Confucian,-0.154907921604631,1.3506481773145467
Colombia,Latin America,0.123654284367934,-1.9600009252454478
Croatia,Catholic Europe,0.4408285572277462,0.4535276813302275
Cyprus,Orthodox Europe,-0.24699601282691053,-0.4354450399064968
Northern Cyprus,African-Islamic,-0.7278513384252588,-0.20676072837356813
Czechia,Catholic Europe,1.5321689432444998,1.8182749787399584
Denmark,Protestant Europe,4.300651009917309,1.862168620954587
Ecuador,Latin America,-0.19374924728853035,-2.083660052951839
Ethiopia,African-Islamic,-1.1153868617136922,-1.2782529892474255
Estonia,Protestant Europe,0.30705169380097397,1.3518616036806805
Finland,Protestant Europe,2.9340563393307844,1.3501035556261696
France,Catholic Europe,2.6781764890815207,1.2127103654359113
Georgia,Orthodox Europe,-1.5389290678552103,-1.1203911791934533
"Palestine, State of",African-Islamic,-1.738245619150813,-1.0527858062672075
Germany,Protestant Europe,2.31526533594056,1.8350159795490442
Ghana,African-Islamic,-1.2028386134623137,-2.3556774584433433
Greece,Orthodox Europe,-0.02340169000780306,0.24503909204678678
Guatemala,Latin America,0.32993467582427755,-1.0912415514948104
Haiti,Latin America,0.276557237265489,-0.7082437844814639
Hong Kong,Confucian,0.6066381532306577,1.7837595497721865
Hungary,Catholic Europe,0.18829989526018456,0.844619682199704
Iceland,Protestant Europe,3.9963563549894743,1.1559530068160362
India,West & South Asia,-0.6529013839930805,-0.9288538735017521
Indonesia,African-Islamic,-1.2573122236512262,-1.3300418106064391
Iran (Islamic Republic of),African-Islamic,-1.4042955746256522,-0.9773218020662986
Iraq,African-Islamic,-1.5066854982260145,-0.8808517505109376
Ireland,Catholic Europe,1.4789891210249881,-0.6756696733764693
Italy,Catholic Europe,1.1389265242534143,0.531778178121742
Japan,Confucian,1.706046544920165,2.1182738602617333
Kazakhstan,African-Islamic,-0.6976147644806925,-0.554509483471459
Jordan,African-Islamic,-1.7928725245640318,-2.007768907407808
Kenya,African-Islamic,-0.17607400845512006,-0.9395733394493168
Korea (the Republic of),Confucian,0.024201801877673852,1.3416346456018804
Kuwait,African-Islamic,0.029266014998879687,-1.3354592577564333
Kyrgyzstan,African-Islamic,-0.8978393899852374,-1.5967565053031003
Lebanon,African-Islamic,-1.1688407268665841,-0.5401306507392692
Latvia,Catholic Europe,-0.05924078355889887,1.0185810711955883
Libya,African-Islamic,-1.3865170221602365,-2.017920825432017
Lithuania,Catholic Europe,-0.3223190708861604,1.136570153722354
Luxembourg,Catholic Europe,2.2777526541952655,0.9558079613681583
Macao,Confucian,0.8514381356151987,1.6779654487662106
Malaysia,West & South Asia,-0.5742040463886149,-0.8429698737277797
Maldives,African-Islamic,-0.8236634310115922,-1.4869093819818915
Mali,African-Islamic,-0.24626443191617758,-1.4322312582079637
Malta,Catholic Europe,-0.2817419412151255,-1.5034317320230028
Mexico,Latin America,0.56513099238291,-1.6026436360161087
Mongolia,Confucian,0.6365935011149355,1.247971957799771
Moldova (the Republic of),Orthodox Europe,-1.8976899831819674,0.5077045175256285
Montenegro,Orthodox Europe,-0.25648876042669433,0.031818870471738855
Morocco,African-Islamic,-1.4556488903850493,-0.9724022238754685
Netherlands (the),Protestant Europe,3.405748597577234,1.588006231682597
New Zealand,English-Speaking,3.4231011101315545,0.8055766749805756
Nicaragua,Latin America,-0.5311941554400063,-1.9529320216561412
Nigeria,African-Islamic,-1.1874510192154881,-1.599403114247839
Norway,Protestant Europe,4.1930682870643325,1.775606219030216
Pakistan,African-Islamic,-0.7922105392588278,-1.5493253495713377
Peru,Latin America,-0.5384933701318158,-1.0322475216655662
Philippines (the),Latin America,-0.052852597986250464,-1.720817189573704
Poland,Catholic Europe,0.1820736696494572,-0.35336334569705835
Portugal,Catholic Europe,-0.07538047467898441,-0.2549489796993429
Puerto Rico,Latin America,0.8739430669682655,-1.5939890585028442
Qatar,African-Islamic,-0.6791841757060847,-2.7273203939633377
Romania,Orthodox Europe,-1.313240849645662,-0.26987723823902
Russian Federation (the),Orthodox Europe,-0.7172868710087148,0.46534763411977637
Rwanda,African-Islamic,-1.1913142687035032,-1.6113103612636372
Serbia,Orthodox Europe,-0.25530042144291665,0.5983803517380835
Singapore,West & South Asia,0.34632545818253274,-0.04574471382044731
Slovakia,Catholic Europe,0.4914323518484345,0.8705712049771355
Viet Nam,West & South Asia,0.49741090826736734,-0.7045440270345154
Slovenia,Catholic Europe,1.4919978683136328,1.098516546911981
South Africa,African-Islamic,-0.017690544424382594,-0.8445139030637354
Zimbabwe,African-Islamic,-1.7217417889157274,-1.3100210716165797
Spain,Catholic Europe,1.6710847877207227,0.7933110579213855
Sweden,Protestant Europe,4.49534768874622,2.3386952685648903
Switzerland,Protestant Europe,3.222664340197851,1.2877405883997894
Tajikistan,African-Islamic,-0.5566170542318153,-1.9204305105910764
Thailand,West & South Asia,0.13892297337351073,-0.37053158455044577
Trinidad and Tobago,Latin America,-0.5709646655876806,-2.14503677927455
Tunisia,African-Islamic,-1.927127708440656,-0.944285803487293
Turkey,African-Islamic,-1.1349684146509385,-1.0971784742382358
Ukraine,Orthodox Europe,-0.8620481365400232,0.5115406547557041
Republic of North Macedonia,Orthodox Europe,0.044615120602795995,0.2316014058151315
Egypt,African-Islamic,-2.114761788074069,-0.8955747725659734
United Kingdom of Great Britain and Northern Ireland (the),English-Speaking,3.1259015108661976,1.1141712012359903
United States of America (the),English-Speaking,2.0833316426183677,0.3218169517765149
Burkina Faso,African-Islamic,-0.921956976083699,-1.2510416759879401
Uruguay,Latin America,1.437325089577464,-0.12517588427961968
Uzbekistan,African-Islamic,-0.08308854186591451,-2.015950175110546
Venezuela (Bolivarian Republic of),Latin America,-0.2621954235540585,-1.1709633109973483
Yemen,African-Islamic,-1.5902777922299296,-1.50500219960973
Zambia,African-Islamic,-0.9866468608048091,-0.5122826229815834
Northern Ireland,English-Speaking,1.7110694372075823,0.12347422757414521
Kosovo,African-Islamic,-0.7410415868923448,-1.3806582685765778
