country_code,data_source,PC1_rescaled,PC2_rescaled,Cultural Region,country_code_clean,Country,Numeric,Islamic,country_code_original
8.0,IVS,-1.0125188649842853,-0.28869732742250254,African-Islamic,8,Albania,8,True,8.0
12.0,IVS,-1.1706383545684096,-0.8798837916473212,African-Islamic,12,Algeria,12,True,12.0
20.0,IVS,2.992741368215692,1.4706593371924077,Catholic Europe,20,Andorra,20,False,20.0
31.0,IVS,-1.3545418046246358,-1.1084297655811364,African-Islamic,31,Azerbaijan,31,True,31.0
32.0,IVS,0.7567549099096288,-0.18709922575211818,Latin America,32,Argentina,32,False,32.0
36.0,IVS,3.3721445203428546,0.7189674986207186,English-Speaking,36,Australia,36,False,36.0
40.0,IVS,2.171234737055034,1.1034899962745004,Catholic Europe,40,Austria,40,False,40.0
50.0,IVS,-1.0645857402934342,-1.8692159595215367,African-Islamic,50,Bangladesh,50,True,50.0
51.0,IVS,-1.2431707221833492,-1.020507512503014,Orthodox Europe,51,Armenia,51,False,51.0
56.0,IVS,2.4149483850074116,0.9036150402187092,Catholic Europe,56,Belgium,56,False,56.0
68.0,IVS,-0.5603481911478544,-1.401705260067099,Latin America,68,Bolivia (Plurinational State of),68,False,68.0
70.0,IVS,-0.6853722179234414,0.18610794979627962,Orthodox Europe,70,Bosnia and Herzegovina,70,True,70.0
76.0,IVS,-0.0028654771448103663,-0.3617932901895178,Latin America,76,Brazil,76,False,76.0
100.0,IVS,-0.6235502424783895,1.0870023423670845,Orthodox Europe,100,Bulgaria,100,False,100.0
104.0,IVS,-1.2928946349353347,-1.4839004996780754,West & South Asia,104,Myanmar,104,True,104.0
112.0,IVS,-0.36504208747001465,0.5155900749114866,Orthodox Europe,112,Belarus,112,False,112.0
124.0,IVS,3.146022511035934,0.963113681451155,English-Speaking,124,Canada,124,False,124.0
152.0,IVS,0.20443247528120742,-0.16346280635751148,Latin America,152,Chile,152,False,152.0
156.0,IVS,0.007378668666792123,0.7047612709510219,Confucian,156,China,156,False,156.0
158.0,IVS,-0.154907921604631,1.3506481773145467,Confucian,158,Taiwan (Province of China),158,False,158.0
170.0,IVS,0.123654284367934,-1.9600009252454478,Latin America,170,Colombia,170,False,170.0
191.0,IVS,0.4408285572277462,0.4535276813302275,Catholic Europe,191,Croatia,191,False,191.0
196.0,IVS,-0.24699601282691053,-0.4354450399064968,Orthodox Europe,196,Cyprus,196,False,196.0
197.0,IVS,-0.7278513384252588,-0.20676072837356813,African-Islamic,197,Northern Cyprus,197,True,197.0
203.0,IVS,1.5321689432444998,1.8182749787399584,Catholic Europe,203,Czechia,203,False,203.0
208.0,IVS,4.300651009917309,1.862168620954587,Protestant Europe,208,Denmark,208,False,208.0
218.0,IVS,-0.19374924728853035,-2.083660052951839,Latin America,218,Ecuador,218,False,218.0
231.0,IVS,-1.1153868617136922,-1.2782529892474255,African-Islamic,231,Ethiopia,231,True,231.0
233.0,IVS,0.30705169380097397,1.3518616036806805,Protestant Europe,233,Estonia,233,False,233.0
246.0,IVS,2.9340563393307844,1.3501035556261696,Protestant Europe,246,Finland,246,False,246.0
250.0,IVS,2.6781764890815207,1.2127103654359113,Catholic Europe,250,France,250,False,250.0
268.0,IVS,-1.5389290678552103,-1.1203911791934533,Orthodox Europe,268,Georgia,268,False,268.0
275.0,IVS,-1.738245619150813,-1.0527858062672075,African-Islamic,275,"Palestine, State of",275,False,275.0
276.0,IVS,2.31526533594056,1.8350159795490442,Protestant Europe,276,Germany,276,False,276.0
288.0,IVS,-1.2028386134623137,-2.3556774584433433,African-Islamic,288,Ghana,288,True,288.0
300.0,IVS,-0.02340169000780306,0.24503909204678678,Orthodox Europe,300,Greece,300,False,300.0
320.0,IVS,0.32993467582427755,-1.0912415514948104,Latin America,320,Guatemala,320,False,320.0
332.0,IVS,0.276557237265489,-0.7082437844814639,Latin America,332,Haiti,332,False,332.0
344.0,IVS,0.6066381532306577,1.7837595497721865,Confucian,344,Hong Kong,344,False,344.0
348.0,IVS,0.18829989526018456,0.844619682199704,Catholic Europe,348,Hungary,348,False,348.0
352.0,IVS,3.9963563549894743,1.1559530068160362,Protestant Europe,352,Iceland,352,False,352.0
356.0,IVS,-0.6529013839930805,-0.9288538735017521,West & South Asia,356,India,356,False,356.0
360.0,IVS,-1.2573122236512262,-1.3300418106064391,African-Islamic,360,Indonesia,360,True,360.0
364.0,IVS,-1.4042955746256522,-0.9773218020662986,African-Islamic,364,Iran (Islamic Republic of),364,False,364.0
368.0,IVS,-1.5066854982260145,-0.8808517505109376,African-Islamic,368,Iraq,368,True,368.0
372.0,IVS,1.4789891210249881,-0.6756696733764693,Catholic Europe,372,Ireland,372,False,372.0
380.0,IVS,1.1389265242534143,0.531778178121742,Catholic Europe,380,Italy,380,False,380.0
392.0,IVS,1.706046544920165,2.1182738602617333,Confucian,392,Japan,392,False,392.0
398.0,IVS,-0.6976147644806925,-0.554509483471459,African-Islamic,398,Kazakhstan,398,True,398.0
400.0,IVS,-1.7928725245640318,-2.007768907407808,African-Islamic,400,Jordan,400,True,400.0
404.0,IVS,-0.17607400845512006,-0.9395733394493168,African-Islamic,404,Kenya,404,True,404.0
410.0,IVS,0.024201801877673852,1.3416346456018804,Confucian,410,Korea (the Republic of),410,False,410.0
414.0,IVS,0.029266014998879687,-1.3354592577564333,African-Islamic,414,Kuwait,414,True,414.0
417.0,IVS,-0.8978393899852374,-1.5967565053031003,African-Islamic,417,Kyrgyzstan,417,True,417.0
422.0,IVS,-1.1688407268665841,-0.5401306507392692,African-Islamic,422,Lebanon,422,True,422.0
428.0,IVS,-0.05924078355889887,1.0185810711955883,Catholic Europe,428,Latvia,428,False,428.0
434.0,IVS,-1.3865170221602365,-2.017920825432017,African-Islamic,434,Libya,434,True,434.0
440.0,IVS,-0.3223190708861604,1.136570153722354,Catholic Europe,440,Lithuania,440,False,440.0
442.0,IVS,2.2777526541952655,0.9558079613681583,Catholic Europe,442,Luxembourg,442,False,442.0
446.0,IVS,0.8514381356151987,1.6779654487662106,Confucian,446,Macao,446,False,446.0
458.0,IVS,-0.5742040463886149,-0.8429698737277797,West & South Asia,458,Malaysia,458,True,458.0
462.0,IVS,-0.8236634310115922,-1.4869093819818915,African-Islamic,462,Maldives,462,True,462.0
466.0,IVS,-0.24626443191617758,-1.4322312582079637,African-Islamic,466,Mali,466,True,466.0
470.0,IVS,-0.2817419412151255,-1.5034317320230028,Catholic Europe,470,Malta,470,False,470.0
484.0,IVS,0.56513099238291,-1.6026436360161087,Latin America,484,Mexico,484,False,484.0
496.0,IVS,0.6365935011149355,1.247971957799771,Confucian,496,Mongolia,496,False,496.0
498.0,IVS,-1.8976899831819674,0.5077045175256285,Orthodox Europe,498,Moldova (the Republic of),498,False,498.0
499.0,IVS,-0.25648876042669433,0.031818870471738855,Orthodox Europe,499,Montenegro,499,False,499.0
504.0,IVS,-1.4556488903850493,-0.9724022238754685,African-Islamic,504,Morocco,504,True,504.0
528.0,IVS,3.405748597577234,1.588006231682597,Protestant Europe,528,Netherlands (the),528,False,528.0
554.0,IVS,3.4231011101315545,0.8055766749805756,English-Speaking,554,New Zealand,554,False,554.0
558.0,IVS,-0.5311941554400063,-1.9529320216561412,Latin America,558,Nicaragua,558,False,558.0
566.0,IVS,-1.1874510192154881,-1.599403114247839,African-Islamic,566,Nigeria,566,True,566.0
578.0,IVS,4.1930682870643325,1.775606219030216,Protestant Europe,578,Norway,578,False,578.0
586.0,IVS,-0.7922105392588278,-1.5493253495713377,African-Islamic,586,Pakistan,586,True,586.0
604.0,IVS,-0.5384933701318158,-1.0322475216655662,Latin America,604,Peru,604,False,604.0
608.0,IVS,-0.052852597986250464,-1.720817189573704,Latin America,608,Philippines (the),608,False,608.0
616.0,IVS,0.1820736696494572,-0.35336334569705835,Catholic Europe,616,Poland,616,False,616.0
620.0,IVS,-0.07538047467898441,-0.2549489796993429,Catholic Europe,620,Portugal,620,False,620.0
630.0,IVS,0.8739430669682655,-1.5939890585028442,Latin America,630,Puerto Rico,630,False,630.0
634.0,IVS,-0.6791841757060847,-2.7273203939633377,African-Islamic,634,Qatar,634,True,634.0
642.0,IVS,-1.313240849645662,-0.26987723823902,Orthodox Europe,642,Romania,642,False,642.0
643.0,IVS,-0.7172868710087148,0.46534763411977637,Orthodox Europe,643,Russian Federation (the),643,False,643.0
646.0,IVS,-1.1913142687035032,-1.6113103612636372,African-Islamic,646,Rwanda,646,True,646.0
688.0,IVS,-0.25530042144291665,0.5983803517380835,Orthodox Europe,688,Serbia,688,False,688.0
702.0,IVS,0.34632545818253274,-0.04574471382044731,West & South Asia,702,Singapore,702,False,702.0
703.0,IVS,0.4914323518484345,0.8705712049771355,Catholic Europe,703,Slovakia,703,False,703.0
704.0,IVS,0.49741090826736734,-0.7045440270345154,West & South Asia,704,Viet Nam,704,False,704.0
705.0,IVS,1.4919978683136328,1.098516546911981,Catholic Europe,705,Slovenia,705,False,705.0
710.0,IVS,-0.017690544424382594,-0.8445139030637354,African-Islamic,710,South Africa,710,False,710.0
716.0,IVS,-1.7217417889157274,-1.3100210716165797,African-Islamic,716,Zimbabwe,716,True,716.0
724.0,IVS,1.6710847877207227,0.7933110579213855,Catholic Europe,724,Spain,724,False,724.0
752.0,IVS,4.49534768874622,2.3386952685648903,Protestant Europe,752,Sweden,752,False,752.0
756.0,IVS,3.222664340197851,1.2877405883997894,Protestant Europe,756,Switzerland,756,False,756.0
762.0,IVS,-0.5566170542318153,-1.9204305105910764,African-Islamic,762,Tajikistan,762,True,762.0
764.0,IVS,0.13892297337351073,-0.37053158455044577,West & South Asia,764,Thailand,764,False,764.0
780.0,IVS,-0.5709646655876806,-2.14503677927455,Latin America,780,Trinidad and Tobago,780,False,780.0
788.0,IVS,-1.927127708440656,-0.944285803487293,African-Islamic,788,Tunisia,788,True,788.0
792.0,IVS,-1.1349684146509385,-1.0971784742382358,African-Islamic,792,Turkey,792,True,792.0
804.0,IVS,-0.8620481365400232,0.5115406547557041,Orthodox Europe,804,Ukraine,804,False,804.0
807.0,IVS,0.044615120602795995,0.2316014058151315,Orthodox Europe,807,Republic of North Macedonia,807,False,807.0
818.0,IVS,-2.114761788074069,-0.8955747725659734,African-Islamic,818,Egypt,818,True,818.0
826.0,IVS,3.1259015108661976,1.1141712012359903,English-Speaking,826,United Kingdom of Great Britain and Northern Ireland (the),826,False,826.0
840.0,IVS,2.0833316426183677,0.3218169517765149,English-Speaking,840,United States of America (the),840,False,840.0
854.0,IVS,-0.921956976083699,-1.2510416759879401,African-Islamic,854,Burkina Faso,854,True,854.0
858.0,IVS,1.437325089577464,-0.12517588427961968,Latin America,858,Uruguay,858,False,858.0
860.0,IVS,-0.08308854186591451,-2.015950175110546,African-Islamic,860,Uzbekistan,860,True,860.0
862.0,IVS,-0.2621954235540585,-1.1709633109973483,Latin America,862,Venezuela (Bolivarian Republic of),862,False,862.0
887.0,IVS,-1.5902777922299296,-1.50500219960973,African-Islamic,887,Yemen,887,True,887.0
894.0,IVS,-0.9866468608048091,-0.5122826229815834,African-Islamic,894,Zambia,894,True,894.0
909.0,IVS,1.7110694372075823,0.12347422757414521,English-Speaking,909,Northern Ireland,909,False,909.0
915.0,IVS,-0.7410415868923448,-1.3806582685765778,African-Islamic,915,Kosovo,915,True,915.0
